INSERT INTO
    USER (userID, name)
VALUES
    (1, "user1"),
    (2, "user2"),
    (3, "user3"),
    (4, "user4"),
    (5, "user5"),
    (6, "user6"),
    (7, "user7"),
    (8, "user8"),
    (9, "user9"),
    (10, "user10"),
    (11, "user11"),
    (12, "user12"),
    (13, "user13"),
    (14, "user14"),
    (15, "user15"),
    (16, "user16"),
    (17, "user17"),
    (18, "user18"),
    (19, "user19"),
    (20, "user20");

INSERT INTO
    MOVIE (
        movieID,
        name,
        region,
        year,
        category,
        rates,
        summary
    )
VALUES
    (
        1,
        "movie1",
        "region30",
        2023,
        "category29",
        0,
        "summary1"
    ),
    (
        2,
        "movie2",
        "region12",
        2006,
        "category15",
        6.49,
        "summary2"
    ),
    (
        3,
        "movie3",
        "region33",
        2006,
        "category8",
        7.74,
        "summary3"
    ),
    (
        4,
        "movie4",
        "region25",
        2007,
        "category34",
        3.47,
        "summary4"
    ),
    (
        5,
        "movie5",
        "region29",
        2006,
        "category15",
        9.73,
        "summary5"
    ),
    (
        6,
        "movie6",
        "region32",
        2018,
        "category37",
        5.17,
        "summary6"
    ),
    (
        7,
        "movie7",
        "region33",
        2001,
        "category1",
        2.82,
        "summary7"
    ),
    (
        8,
        "movie8",
        "region31",
        2022,
        "category27",
        7.75,
        "summary8"
    ),
    (
        9,
        "movie9",
        "region38",
        2006,
        "category11",
        7.98,
        "summary9"
    ),
    (
        10,
        "movie10",
        "region23",
        2005,
        "category1",
        3.88,
        "summary10"
    ),
    (
        11,
        "movie11",
        "region10",
        2022,
        "category38",
        4.92,
        "summary11"
    ),
    (
        12,
        "movie12",
        "region29",
        2017,
        "category34",
        0,
        "summary12"
    ),
    (
        13,
        "movie13",
        "region14",
        2000,
        "category35",
        1.54,
        "summary13"
    ),
    (
        14,
        "movie14",
        "region33",
        2012,
        "category31",
        3.24,
        "summary14"
    ),
    (
        15,
        "movie15",
        "region29",
        2002,
        "category5",
        7.69,
        "summary15"
    ),
    (
        16,
        "movie16",
        "region37",
        2009,
        "category27",
        6.82,
        "summary16"
    ),
    (
        17,
        "movie17",
        "region24",
        2023,
        "category21",
        7.23,
        "summary17"
    ),
    (
        18,
        "movie18",
        "region23",
        2015,
        "category9",
        7.12,
        "summary18"
    ),
    (
        19,
        "movie19",
        "region11",
        2005,
        "category34",
        3.76,
        "summary19"
    ),
    (
        20,
        "movie20",
        "region20",
        2016,
        "category10",
        3.34,
        "summary20"
    );

INSERT INTO
    RATES (rateID, rate, movieID, userID)
VALUES
    (1, 3.94, 14, 14),
    (2, 1.81, 13, 6),
    (3, 7.98, 9, 8),
    (4, 2.15, 14, 14),
    (5, 2.69, 20, 1),
    (6, 4.0, 20, 3),
    (7, 2.35, 4, 5),
    (8, 3.27, 19, 9),
    (9, 3.86, 10, 1),
    (10, 5.29, 16, 11),
    (11, 4.59, 4, 5),
    (12, 7.06, 6, 20),
    (13, 5.5, 18, 8),
    (14, 8.08, 2, 1),
    (15, 5.61, 2, 5),
    (16, 6.06, 20, 5),
    (17, 3.28, 6, 4),
    (18, 1.77, 11, 1),
    (19, 2.82, 7, 5),
    (20, 4.26, 19, 2),
    (21, 7.65, 11, 2),
    (22, 6.93, 11, 14),
    (23, 1.28, 13, 12),
    (24, 7.75, 8, 16),
    (25, 6.06, 15, 7),
    (26, 9.32, 15, 9),
    (27, 6.76, 11, 9),
    (28, 8.74, 18, 13),
    (29, 2.11, 14, 20),
    (30, 3.9, 10, 10),
    (31, 2.03, 14, 8),
    (32, 7.31, 17, 20),
    (33, 9.73, 5, 12),
    (34, 7.74, 3, 4),
    (35, 5.77, 2, 8),
    (36, 0.61, 20, 5),
    (37, 7.15, 17, 11),
    (38, 5.96, 14, 9),
    (39, 8.36, 16, 4),
    (40, 1.5, 11, 14);

INSERT INTO
    DIRECTOR (directorID, name, birthYear)
VALUES
    (1, "director1", 1965),
    (2, "director2", 2008),
    (3, "director3", 2009),
    (4, "director4", 1964),
    (5, "director5", 1997),
    (6, "director6", 1961),
    (7, "director7", 1970),
    (8, "director8", 1989),
    (9, "director9", 1979),
    (10, "director10", 1950),
    (11, "director11", 1991),
    (12, "director12", 1960),
    (13, "director13", 2006),
    (14, "director14", 1972),
    (15, "director15", 2003),
    (16, "director16", 1956),
    (17, "director17", 1950),
    (18, "director18", 1992),
    (19, "director19", 1981),
    (20, "director20", 1963);

INSERT INTO
    DIRECTS (directorID, movieID)
VALUES
    (1, 20),
    (2, 19),
    (3, 18),
    (4, 17),
    (5, 16),
    (6, 15),
    (7, 14),
    (8, 13),
    (9, 12),
    (10, 11),
    (11, 10),
    (12, 9),
    (13, 8),
    (14, 7),
    (15, 6),
    (16, 5),
    (17, 4),
    (18, 3),
    (19, 2),
    (20, 1);

INSERT INTO
    ACTOR (actorID, name, birthYear)
VALUES
    (1, "actor1", 1960),
    (2, "actor2", 1985),
    (3, "actor3", 1998),
    (4, "actor4", 1980),
    (5, "actor5", 1993),
    (6, "actor6", 1966),
    (7, "actor7", 1997),
    (8, "actor8", 1969),
    (9, "actor9", 1983),
    (10, "actor10", 1993),
    (11, "actor11", 1984),
    (12, "actor12", 2010),
    (13, "actor13", 1984),
    (14, "actor14", 1984),
    (15, "actor15", 1987),
    (16, "actor16", 1988),
    (17, "actor17", 1963),
    (18, "actor18", 1987),
    (19, "actor19", 1985),
    (20, "actor20", 1988),
    (21, "actor21", 1960),
    (22, "actor22", 1984),
    (23, "actor23", 1996),
    (24, "actor24", 1968),
    (25, "actor25", 1970),
    (26, "actor26", 1980),
    (27, "actor27", 1970),
    (28, "actor28", 1981),
    (29, "actor29", 2000),
    (30, "actor30", 1963),
    (31, "actor31", 1999),
    (32, "actor32", 2010),
    (33, "actor33", 1995),
    (34, "actor34", 1974),
    (35, "actor35", 1992),
    (36, "actor36", 1991),
    (37, "actor37", 1963),
    (38, "actor38", 1972),
    (39, "actor39", 1971),
    (40, "actor40", 1988);

INSERT INTO
    ACTS (actorID, movieID)
VALUES
    (1, 20),
    (2, 19),
    (3, 18),
    (4, 17),
    (5, 16),
    (6, 15),
    (7, 14),
    (8, 13),
    (9, 12),
    (10, 11),
    (11, 10),
    (12, 9),
    (13, 8),
    (14, 7),
    (15, 6),
    (16, 5),
    (17, 4),
    (18, 3),
    (19, 2),
    (20, 1),
    (21, 18),
    (22, 4),
    (23, 14),
    (24, 18),
    (25, 9),
    (26, 7),
    (27, 12),
    (28, 12),
    (29, 14),
    (30, 20),
    (31, 5),
    (32, 10),
    (33, 3),
    (34, 18),
    (35, 9),
    (36, 4),
    (37, 2),
    (38, 10),
    (39, 18),
    (40, 2),
    (5, 10),
    (29, 3),
    (11, 9),
    (18, 10),
    (38, 18),
    (14, 3),
    (19, 17),
    (27, 16),
    (8, 15),
    (15, 18),
    (6, 3),
    (8, 7),
    (34, 4),
    (27, 18),
    (28, 11),
    (23, 1),
    (32, 15),
    (4, 3),
    (28, 15),
    (8, 19),
    (17, 9),
    (37, 8),
    (19, 4),
    (2, 15),
    (10, 12),
    (18, 18),
    (6, 2),
    (17, 11),
    (21, 2),
    (33, 20),
    (13, 20),
    (13, 9),
    (37, 16),
    (23, 5),
    (34, 11),
    (5, 17),
    (4, 5),
    (33, 19),
    (38, 15),
    (26, 6);